,,,,,,,,,,,,,,,,,,,,,
POBLACIÓN TOTAL,,,,,,,,,,,,,,,,,,,,,
(Número de habitantes),,,,,,,,,,,,,,,,,,,,,
"Fuente: Gestrisam, Padrón municipal,  Ayuntamiento de Málaga",,,,,,,,,,,,,,,,,,,,,
,, TOTAL,Hombres,Mujeres,,,,,,,,,,,,,,,,,
,2004,558.265,269.582,288.683,,,,,,,,,,,,,,,,,
,2005,560.755,271.154,289.601,,,,,,,,,,,,,,,,,
,2006,573.909,278.029,295.880,,,,,,,,,,,,,,,,,
,2007,574.353,277.706,296.647,,,,,,,,,,,,,,,,,
,2008,576.725,278.745,297.980,,,,,,,,,,,,,,,,,
,2009,577.884,279.111,298.773,,,,,,,,,,,,,,,,,
,2010,577.095,278.296,298.799,,,,,,,,,,,,,,,,,
,2011,576.938,277.880,299.058,,,,,,,,,,,,,,,,,
,2012,575.322,276.858,298.464,,,,,,,,,,,,,,,,,
,2013,575.127,276.879,298.248,,,,,,,,,,,,,,,,,
,2014,572.267,275.523,296.744,,,,,,,,,,,,,,,,,
,2015,572.947,275.916,297.031,,,,,,,,,,,,,,,,,
,2016,571.069,274.769,296.300,,,,,,,,,,,,,,,,,
,2017,570.006,274.177,295.829,,,,,,,,,,,,,,,,,
,2018,573.832,275.899,297.933,,,,,,,,,,,,,,,,,
,2019,576.094,276.797,299.297,,,,,,,,,,,,,,,,,
,2020,580.469,278.895,301.574,,,,,,,,,,,,,,,,,
,2021,579.984,278.592,301.392,,,,,,,,,,,,,,,,,
,2022,580.032,278.601,301.431,,,,,,,,,,,,,,,,,
,2023,586.770,281.499,305.271,,,,,,,,,,,,,,,,,
,2024,593.333,284.556,308.777,,,,,,,,,,,,,,,,,
,,,,,,,,,,,,,,,,,,,,,
,,,,,,,,,,,,,,,,,,,,,
POBLACIÓN TOTAL                  ,,,,,,,,,,,,,,,,,,,,,
(Número de habitantes),,,,,,,,,,,,,,,,,,,,,
"Fuente: Padrón municipal, INE",,,,,,,,,,,,,,,,,,,,,
,,Alhaurín de la Torre,Alhaurín el Grande,Almogía,Benalmádena,Cártama,Casabermeja,Colmenar,Fuengirola,Málaga,Mijas,Pizarra,Rincón de la Victoria,Totalán,Torremolinos,Área Metropolitana,Álora,Coín,Provincia,Andalucía,España
,2000,21.649,17.021,4.072,31.964,13.188,3.003,3.124,47.914,531.565,41.912,6.608,23.029,616,41.281,727.497,12.509,17.868,1.278.851,7.340.052,40.499.786
,2001,22.654,17.488,4.093,33.557,13.483,3.016,3.146,50.263,534.207,44.741,6.593,24.224,618,43.613,737.161,12.471,17.998,1.302.240,7.403.968,41.116.843
,2002,23.774,17.941,4.108,35.946,13.900,2.979,3.137,53.270,535.686,47.565,6.600,25.682,628,46.683,747.857,12.538,18.255,1.330.010,7.478.432,41.837.888
,2003,25.401,18.797,4.269,40.064,14.783,2.942,3.167,57.133,547.105,52.189,6.940,28.007,624,50.649,774.700,12.739,19.213,1.374.890,7.606.848,42.717.064
,2004,26.764,19.324,4.244,42.437,15.524,3.127,3.197,58.957,547.731,52.573,7.165,30.169,679,52.354,784.848,12.838,19.295,1.397.925,7.687.518,43.197.684
,2005,28.509,20.074,4.313,45.686,16.692,3.240,3.287,62.915,558.287,56.838,7.555,31.996,699,55.479,808.946,13.013,20.116,1.453.409,7.849.799,44.108.530
,2006,30.281,21.070,4.309,50.298,17.690,3.364,3.384,63.899,560.631,61.147,7.812,33.817,707,58.683,825.801,13.204,20.551,1.491.287,7.975.672,44.708.964
,2007,31.884,21.776,4.299,52.217,18.865,3.421,3.530,65.421,561.250,64.288,8.129,35.714,704,60.010,835.976,13.307,20.870,1.517.523,8.059.461,45.200.737
,2008,33.567,22.785,4.316,55.960,20.436,3.509,3.625,68.646,566.447,70.437,8.652,37.145,724,63.077,855.163,13.436,21.484,1.563.261,8.202.220,46.157.822
,2009,35.114,23.319,4.298,58.854,21.313,3.520,3.621,71.482,568.305,73.787,8.785,38.666,722,65.448,867.226,13.395,21.866,1.593.068,8.302.923,46.745.807
,2010,35.832,23.675,4.257,61.383,22.173,3.554,3.681,71.783,568.507,76.362,8.990,39.922,737,66.957,987.813,13.474,22.030,1.609.557,8.370.975,47.021.031
,2011,36.730,23.807,4.221,63.788,22.867,3.675,3.673,74.054,568.030,79.262,9.137,40.339,768,68.181,998.532,13.499,22.159,1.625.827,8.424.102,47.190.493
,2012,37.446,24.074,4.195,65.965,23.664,3.686,3.624,75.953,567.433,82.124,9.269,41.216,746,68.961,1.008.356,13.399,21.791,1.641.098,8.449.985,47.265.321
,2013,38.067,24.249,4.168,69.002,24.242,3.651,3.583,77.397,568.479,85.600,9.298,41.827,736,69.389,1.019.688,13.342,22.536,1.652.999,8.440.300,47.129.783
,2014,38.300,24.210,3.906,66.939,24.328,3.498,3.486,75.856,566.913,77.521,9.201,42.688,723,67.353,1.004.922,13.046,21.553,1.621.968,8.402.305,46.771.341
,2015,38.523,24.338,3.826,66.598,24.592,3.418,3.444,77.525,569.130,79.483,9.148,43.135,710,67.492,1.011.362,13.003,21.561,1.628.973,8.399.043,46.624.382
,2016,38.794,24.315,3.786,67.245,24.824,3.443,3.385,77.486,569.009,77.769,9.106,44.003,707,67.786,1.011.658,12.941,21.456,1.629.298,8.388.107,46.557.008
,2017,39.153,24.720,3.765,68.859,25.317,3.442,3.383,74.929,569.002,77.151,9.073,45.138,710,67.701,1.012.343,12.924,21.562,1.630.615,8.379.820,46.572.132
,2018,39.911,24.123,3.770,67.746,25.758,3.507,3.392,75.396,571.026,80.630,9.118,46.093,715,68.262,1.019.447,12.951,21.716,1.641.121,8.384.408,46.722.980
,2019,40.345,24.705,3.715,68.128,26.259,3.522,3.376,80.309,574.654,82.742,9.226,47.179,746,68.661,1.033.567,12.985,22.147,1.661.785,8.414.240,47.026.208
,2020,41.170,25.358,3.792,69.144,26.738,3.629,3.409,82.837,578.460,85.397,9.444,48.768,737,69.166,1.048.049,13.112,22.673,1.685.920,8.464.411,47.450.795
,2021,41.868,26.095,3.859,70.204,27.436,3.712,3.450,82.585,577.405,86.744,9.572,49.790,725,68.056,1.048.049,13.336,23.375,1.695.651,8.472.407,47.385.107
,2022,42.531,26.436,3.885,73.160,27.712,3.813,3.488,83.226,579.076,89.502,9.661,50.569,750,68.819,1.062.628,13.382,24.309,1.717.504,8.500.187,47.475.420
,2023,43.674,26.879,3.967,75.801,28.412,3.910,3.494,85.598,586.384,91.691,9.886,51.300,767,70.434,1.082.197,13.512,25.023,1.751.600,8.568.513,48.022.515
,,,,,,,,,,,,,,,,,,,,,
,,,,,,,,,,,,,,,,,,,,,
DENSIDAD DE POBLACIÓN,,,,,,,,,,,,,,,,,,,,,
(Nº de habitantes/ superficie total (km2)),,,,,,,,,,,,,,,,,,,,,
"Fuente: Gestrisam, Ayuntamiento de Málaga e IECA",,,,,,,,,,,,,,,,,,,,,
,,Población,Superficie,Densidad población,,,,,,,,,,,,,,,,,
,2004,558.265,395,1.413,,,,,,,,,,,,,,,,,
,2005,560.755,395,1.419,,,,,,,,,,,,,,,,,
,2006,573.909,395,1.452,,,,,,,,,,,,,,,,,
,2007,574.353,395,1.454,,,,,,,,,,,,,,,,,
,2008,576.725,395,1.460,,,,,,,,,,,,,,,,,
,2009,577.884,395,1.463,,,,,,,,,,,,,,,,,
,2010,577.095,395,1.461,,,,,,,,,,,,,,,,,
,2011,576.938,395,1.460,,,,,,,,,,,,,,,,,
,2012,575.322,395,1.456,,,,,,,,,,,,,,,,,
,2013,575.127,395,1.456,,,,,,,,,,,,,,,,,
,2014,572.267,395,1.448,,,,,,,,,,,,,,,,,
,2015,572.947,395,1.450,,,,,,,,,,,,,,,,,
,2016,571.069,395,1.445,,,,,,,,,,,,,,,,,
,2017,570.006,395,1.443,,,,,,,,,,,,,,,,,
,2018,573.832,395,1.452,,,,,,,,,,,,,,,,,
,2019,576.094,395,1.458,,,,,,,,,,,,,,,,,
,2020,580.469,395,1.470,,,,,,,,,,,,,,,,,
,2021,579.984,395,1.469,,,,,,,,,,,,,,,,,
,2022,580.032,395,1.469,,,,,,,,,,,,,,,,,
,2023,586.770,395,1.486,,,,,,,,,,,,,,,,,
,2024,593.333,395,1.503,,,,,,,,,,,,,,,,,
,,,,,,,,,,,,,,,,,,,,,
,,,,,,,,,,,,,,,,,,,,,
DENSIDAD DE POBLACIÓN                  ,,,,,,,,,,,,,,,,,,,,,
(Nº de habitantes/ superficie total (km2)),,,,,,,,,,,,,,,,,,,,,
"Fuente: Padrón municipal, INE e IECA",,,,,,,,,,,,,,,,,,,,,
,,Alhaurín de la Torre,Alhaurín el Grande,Almogía,Benalmádena,Cártama,Casabermeja,Colmenar,Fuengirola,Málaga,Mijas,Pizarra,Rincón de la Victoria,Totalán,Torremolinos,Área Metropolitana,Álora,Coín,Provincia,Andalucía,España
,2000,262,233,25,1.189,125,45,47,4.620,1.345,282,104,809,67,2.074,521,74,140,175,84,80
,2001,274,239,25,1.248,128,45,48,4.847,1.352,301,104,851,67,2.192,528,74,141,178,85,81
,2002,287,245,25,1.337,132,44,48,5.137,1.356,320,104,902,68,2.346,535,74,143,182,85,83
,2003,307,257,26,1.490,141,44,48,5.509,1.385,351,109,983,68,2.545,554,75,151,188,87,84
,2004,324,264,26,1.579,148,46,48,5.685,1.386,353,113,1.059,74,2.631,562,76,151,191,88,85
,2005,345,275,26,1.700,159,48,50,6.067,1.413,382,119,1.123,76,2.788,579,77,158,199,90,87
,2006,366,288,26,1.871,168,50,51,6.162,1.419,411,123,1.187,77,2.949,591,78,161,204,91,88
,2007,386,298,26,1.943,179,51,54,6.309,1.420,432,128,1.254,76,3.016,598,78,164,208,92,89
,2008,406,312,26,2.082,194,52,55,6.620,1.434,473,136,1.304,79,3.170,612,79,169,214,94,91
,2009,425,319,26,2.190,203,52,55,6.893,1.438,496,138,1.358,78,3.289,621,79,172,218,95,92
,2010,433,324,26,2.284,211,53,56,6.922,1.439,513,141,1.402,80,3.365,784,79,173,220,96,93
,2011,444,326,26,2.373,218,55,56,7.141,1.438,533,144,1.416,83,3.426,793,80,174,222,96,93
,2012,453,329,26,2.454,225,55,55,7.324,1.436,552,146,1.447,81,3.465,801,79,171,225,96,93
,2013,460,332,26,2.567,231,54,54,7.464,1.439,575,146,1.469,80,3.487,810,79,177,226,96,93
,2014,463,331,24,2.490,231,52,53,7.315,1.435,521,145,1.499,79,3.385,798,77,169,222,96,92
,2015,466,333,23,2.476,234,51,52,7.454,1.440,534,144,1.514,36,7.336,803,77,169,223,96,92
,2016,469,333,23,2.500,236,51,51,7.451,1.440,523,143,1.544,36,7.368,803,76,168,223,96,92
,2017,473,338,23,2.560,241,51,51,7.205,1.440,518,143,1.584,36,7.359,804,76,169,223,96,92
,2018,483,330,23,2.521,245,52,51,7.278,1.446,542,143,1.620,36,7.420,810,76,171,225,96,92
,2019,488,338,23,2.535,250,52,51,7.752,1.455,556,145,1.658,37,7.463,821,77,174,227,96,93
,2020,498,347,23,2.580,254,54,52,8.038,1.465,574,148,1.750,80,3.480,833,77,178,231,97,94
,2021,506,357,24,2.620,261,55,52,8.013,1.462,583,151,1.786,79,3.424,833,79,184,232,97,94
,2022,514,362,24,2.730,264,57,53,8.075,1.466,602,152,1.814,82,3.463,845,79,191,235,97,94
,2023,528,368,24,2.828,270,58,53,8.306,1.485,617,155,1.841,83,3.544,860,80,197,240,98,95
,,,,,,,,,,,,,,,,,,,,,
,,,,,,,,,,,,,,,,,,,,,
POBLACIÓN EXTRANJERA,,,,,,,,,,,,,,,,,,,,,
(Número de habitantes extranjeros),,,,,,,,,,,,,,,,,,,,,
"Fuente: Gestrisam, Ayuntamiento de Málaga",,,,,,,,,,,,,,,,,,,,,
,, TOTAL,Hombres,Mujeres,,,,,,,,,,,,,,,,,
,2004,23.515,12.300,11.215,,,,,,,,,,,,,,,,,
,2005,30.233,15.839,14.394,,,,,,,,,,,,,,,,,
,2006,39.289,20.859,18.430,,,,,,,,,,,,,,,,,
,2007,37.843,19.585,18.258,,,,,,,,,,,,,,,,,
,2008,43.252,22.041,21.211,,,,,,,,,,,,,,,,,
,2009,46.158,23.365,22.793,,,,,,,,,,,,,,,,,
,2010,47.769,23.938,23.831,,,,,,,,,,,,,,,,,
,2011,50.989,25.526,25.463,,,,,,,,,,,,,,,,,
,2012,49.737,24.923,24.814,,,,,,,,,,,,,,,,,
,2013,52.145,26.165,25.980,,,,,,,,,,,,,,,,,
,2014,49.317,24.832,24.485,,,,,,,,,,,,,,,,,
,2015,46.506,23.500,23.006,,,,,,,,,,,,,,,,,
,2016,44.368,22.307,22.061,,,,,,,,,,,,,,,,,
,2017,42.507,21.341,21.166,,,,,,,,,,,,,,,,,
,2018,45.395,22.561,22.834,,,,,,,,,,,,,,,,,
,2019,46.865,23.143,23.722,,,,,,,,,,,,,,,,,
,2020,51.110,25.175,25.935,,,,,,,,,,,,,,,,,
,2021,51.126,25.106,26.020,,,,,,,,,,,,,,,,,
,2022,52.254,25.702,26.552,,,,,,,,,,,,,,,,,
,2023,59.118,28.743,30.375,,,,,,,,,,,,,,,,,
,2024,65.249,31.769,33.480,,,,,,,,,,,,,,,,,
,,,,,,,,,,,,,,,,,,,,,
,,,,,,,,,,,,,,,,,,,,,
POBLACIÓN EXTRANJERA                  ,,,,,,,,,,,,,,,,,,,,,
(Número de habitantes extranjeros),,,,,,,,,,,,,,,,,,,,,
"Fuente: Padrón municipal, INE",,,,,,,,,,,,,,,,,,,,,
,,Alhaurín de la Torre,Alhaurín el Grande,Almogía,Benalmádena,Cártama,Casabermeja,Colmenar,Fuengirola,Málaga,Mijas,Pizarra,Rincón de la Victoria,Totalán,Torremolinos,Área Metropolitana,Álora,Coín,Provincia,Andalucía,España
,2000,574,1.344,161,5.205,94,32,35,6.601,6.226,14.414,43,669,7,6.718,21.822,100,614,73.419,128.896,923.879
,2001,745,823,172,6.098,155,42,54,8.288,8.351,15.883,49,869,8,7.834,26.105,131,774,85.480,164.120,1.370.657
,2002,1.008,1.156,194,7.363,252,55,62,10.628,11.722,17.472,73,1.158,7,9.477,33.764,177,1.060,104.128,212.143,1.977.946
,2003,1.395,1.843,237,10.115,483,76,103,14.191,18.379,19.802,196,1.661,13,12.106,48.654,413,1.634,130.146,282.901,2.664.168
,2004,1.704,2.309,258,10.248,746,126,141,15.639,21.685,19.081,257,1.935,18,12.598,54.485,565,1.895,144.462,321.570,3.034.326
,2005,2.251,2.976,365,12.274,1.100,176,221,18.596,29.717,21.443,412,2.370,39,14.214,69.648,773,2.760,181.589,420.207,3.730.610
,2006,2.818,3.823,434,14.726,1.360,207,312,19.505,30.723,23.665,579,2.817,41,15.775,77.882,1.032,3.235,203.977,488.928,4.144.166
,2007,3.012,4.308,463,15.040,1.598,244,390,20.883,34.481,24.705,620,3.060,33,15.437,83.256,1.152,3.418,219.955,531.827,4.519.554
,2008,3.278,5.030,473,17.345,1.900,276,457,23.406,40.495,28.353,756,3.355,41,16.827,95.472,1.301,3.938,250.432,623.279,5.268.762
,2009,3.518,5.365,498,19.061,2.010,308,453,25.259,43.253,30.011,779,3.474,45,17.633,101.934,1.354,4.183,267.824,675.180,5.648.671
,2010,3.495,5.546,493,19.969,2.076,311,472,24.850,45.394,31.153,851,3.625,44,17.923,156.202,1.393,4.314,275.027,704.056,5.747.734
,2011,3.501,5.528,499,20.815,2.169,328,495,26.327,47.925,32.743,888,3.099,45,17.756,162.118,1.408,4.421,283.498,730.155,5.751.487
,2012,3.492,5.753,505,21.408,2.271,368,469,27.643,48.966,34.246,895,3.025,42,17.625,166.708,1.419,4.658,292.257,747.110,5.736.258
,2013,3.446,5.916,522,22.717,2.270,331,474,28.499,50.394,36.303,853,2.898,41,17.595,172.259,1.365,4.915,296.337,729.725,5.546.238
,2014,3.016,5.545,289,19.168,1.814,265,370,26.073,46.030,26.990,721,2.769,31,14.905,147.986,1.141,3.818,253.408,661.520,5.023.487
,2015,2.968,5.535,273,17.962,1.595,237,367,26.865,44.465,27.540,694,2.754,29,14.215,145.499,1.124,3.708,247.903,636.205,4.729.644
,2016,2.792,5.319,269,17.504,1.508,244,331,26.672,42.816,24.578,618,2.820,27,13.930,139.428,1.089,3.704,239.810,620.006,4.618.581
,2017,2.755,5.596,291,18.038,1.506,202,359,23.746,42.133,22.567,551,2.872,26,13.113,133.755,1.115,3.624,232.952,606.275,4.572.807
,2018,3.045,4.825,306,16.188,1.549,216,378,24.002,43.563,25.110,509,3.044,30,13.688,136.453,1.193,3.597,238.312,621.396,4.734.691
,2019,3.145,5.110,292,16.194,1.619,251,379,28.864,46.490,26.175,550,3.359,48,13.977,146.453,1.295,3.680,253.153,655.555,5.036.878
,2020,3.383,5.645,330,16.807,1.763,314,496,31.020,50.080,27.653,625,3.614,50,14.115,155.895,1.441,3.947,270.206,702.018,5.434.153
,2021,3.462,6.048,337,17.144,1.894,332,534,30.671,49.698,27.479,644,3.662,39,13.383,155.327,1.610,4.477,273.001,711.916,5.440.148
,2022,3.445,6.194,334,18.994,1.892,342,499,31.252,52.334,28.791,672,3.600,39,13.555,161.943,1.637,4.860,287.344,741.378,5.542.932
,,,,,,,,,,,,,,,,,,,,,
,,,,,,,,,,,,,,,,,,,,,
ÍNDICE DE ENVEJECIMIENTO                 ,,,,,,,,,,,,,,,,,,,,,
(Población>64 años/población<16 años),,,,,,,,,,,,,,,,,,,,,
"Fuente: Padrón municipal, INE",,,,,,,,,,,,,,,,,,,,,
,,Alhaurín de la Torre,Alhaurín el Grande,Almogía,Benalmádena,Cártama,Casabermeja,Colmenar,Fuengirola,Málaga,Mijas,Pizarra,Rincón de la Victoria,Totalán,Torremolinos,Área Metropolitana,Álora,Coín,Provincia,Andalucía,España
,2000,"0,3555","0,6390","0,8645","0,6527","0,5864","1,0937","1,1255","0,8056","0,7897","0,8175","0,7748","0,4632","1,2347","0,7545","0,7518","0,9162","0,7936","0,7740","0,7455","1,0720"
,2001,"0,3732","0,6560","0,9342","0,7300","0,5993","1,2027","1,2359","0,8651","0,8298","0,8406","0,8314","0,4781","1,3736","0,7867","0,7894","0,9404","0,8444","0,8135","0,8043","1,1132"
,2002,"0,3847","0,6634","0,9316","0,7138","0,6218","1,3308","1,2519","0,8951","0,8563","0,8540","0,8939","0,4923","1,3125","0,7771","0,8088","0,9530","0,9208","0,8359","0,8254","1,1259"
,2003,"0,3966","0,6542","1,0000","0,7669","0,6068","1,2080","1,2302","0,9652","0,8511","0,8504","0,8322","0,4906","1,2424","0,8179","0,8063","0,9807","0,8645","0,8313","0,8283","1,1199"
,2004,"0,3980","0,6492","1,0183","0,6420","0,6257","1,1797","1,1917","0,9910","0,8589","0,7797","0,8482","0,4787","1,0991","0,7971","0,7987","0,9771","0,8102","0,8246","0,8309","1,1111"
,2005,"0,3944","0,6429","1,0237","0,6791","0,5900","1,2081","1,2042","1,0280","0,8454","0,7638","0,7905","0,4897","1,1942","0,8195","0,7903","0,9630","0,8021","0,8209","0,8289","1,0913"
,2006,"0,4016","0,6338","1,0739","0,6569","0,5833","1,1157","1,2171","1,0941","0,8542","0,7649","0,7882","0,5117","1,2115","0,8659","0,7959","0,9571","0,7953","0,8357","0,8414","1,0966"
,2007,"0,4067","0,6238","1,0710","0,6923","0,5651","1,1189","1,1530","1,1361","0,8438","0,7487","0,7711","0,5150","1,0636","0,8624","0,7880","0,9707","0,7770","0,8334","0,8401","1,0872"
,2008,"0,4127","0,6373","1,1075","0,6884","0,5377","1,0935","1,0647","1,1397","0,8552","0,7412","0,7267","0,5244","0,9739","0,8768","0,7939","0,9969","0,7829","0,8400","0,8399","1,0730"
,2009,"0,4202","0,6340","1,1288","0,7253","0,5382","1,0698","1,1502","1,1879","0,8567","0,7531","0,7230","0,5359","1,1028","0,8942","0,7981","1,0330","0,7671","0,8515","0,8483","1,0711"
,2010,"0,4445","0,6421","1,1688","0,7699","0,5276","1,1530","1,1273","1,2642","0,8754","0,7824","0,7168","0,5387","1,0177","0,9199","0,8381","1,0661","0,7789","0,8746","0,8598","1,0759"
,2011,"0,4594","0,6757","1,2308","0,8102","0,5337","1,2375","1,1351","1,3016","0,8923","0,8032","0,7508","0,5476","1,0259","0,9509","0,8587","1,1028","0,8143","0,8986","0,8759","1,0868"
,2012,"0,4777","0,6959","1,2797","0,8382","0,5213","1,2299","1,1859","1,3547","0,9044","0,8252","0,7413","0,5514","1,0270","0,9779","0,8748","1,1574","0,8590","0,9203","0,8892","1,0972"
,2013,"0,4950","0,7274","1,3503","0,8946","0,5288","1,2397","1,1612","1,4039","0,9218","0,8835","0,7348","0,5524","1,1321","1,0276","0,9010","1,1496","0,7753","0,9396","0,8996","1,1098"
,2014,"0,5140","0,7277","1,2454","0,9143","0,5136","1,2852","1,1779","1,4301","0,9485","0,7169","0,7344","0,5630","1,0841","1,0016","0,9017","1,1832","0,7690","0,9328","0,9154","1,1296"
,2015,"0,5328","0,7548","1,2813","0,9493","0,4988","1,3137","1,2114","1,4632","0,9646","0,7511","0,7522","0,5794","1,0952","1,0215","0,9214","1,1962","0,7904","0,9520","0,9340","1,1493"
,2016,"0,5367","0,7670","1,3459","0,9352","0,5014","1,2912","1,2776","1,5080","0,9855","0,6937","0,7622","0,5859","1,0093","1,0365","0,9311","1,2227","0,7763","0,9617","0,9448","1,1632"
,2017,"0,5552","0,7990","1,4363","0,9606","0,5011","1,2987","1,2762","1,5246","1,0124","0,6618","0,7840","0,6005","0,9815","1,0335","0,9458","1,2645","0,7982","0,9774","0,9641","1,1818"
,2018,"0,5833","0,8045","1,4706","0,8825","0,5056","1,2849","1,2941","1,4630","1,0409","0,7235","0,7899","0,6170","0,9554","1,0728","0,9627","1,3009","0,8209","0,9981","0,9883","1,2050"
,2019,"0,6057","0,8209","1,5429","0,8813","0,5213","1,2615","1,3392","1,5911","1,0701","0,7462","0,8035","0,6454","0,9000","1,0951","0,9940","1,3165","0,8202","1,0271","1,0174","1,2299"
,2020,"0,6315","0,8457","1,5205","0,9080","0,5392","1,2242","1,3146","1,6673","1,1086","0,7745","0,8182","0,6838","0,8443","1,1038","1,0277","1,3653","0,8258","1,0602","1,0489","1,2592"
,2021,"0,6635","0,8837","1,5096","0,9525","0,5542","1,2218","1,3556","1,7462","1,1590","0,7847","0,8548","0,7225","0,9204","1,1644","1,0465","1,3903","0,8395","1,1043","1,0861","1,2962"
,2022,"0,7001","0,9118","1,5078","0,9867","0,5724","1,2910","1,4418","1,8293","1,2022","0,8114","0,8844","0,7553","0,9417","1,2078","1,1109","1,4081","0,8387","1,1497","1,1277","1,3406"
,,,,,,,,,,,,,,,,,,,,,
,,,,,,,,,,,,,,,,,,,,,
ÍNDICE DE DEPENDENCIA                  ,,,,,,,,,,,,,,,,,,,,,
((Población<16 años+ Población >64 años)/ Población 16-64 años),,,,,,,,,,,,,,,,,,,,,
"Fuente: Padrón municipal, INE",,,,,,,,,,,,,,,,,,,,,
,,Alhaurín de la Torre,Alhaurín el Grande,Almogía,Benalmádena,Cártama,Casabermeja,Colmenar,Fuengirola,Málaga,Mijas,Pizarra,Rincón de la Victoria,Totalán,Torremolinos,Área Metropolitana,Álora,Coín,Provincia,Andalucía,España
,2000,"42,0911","52,1634","52,6237","42,0054","46,4845","47,0617","58,4178","47,6094","46,0705","47,1578","46,4539","41,3863","55,1637","42,5301","45,8965","53,6355","51,2827","47,5561","50,0624","48,4850"
,2001,"41,3754","51,8979","52,6669","40,7297","46,4747","47,1938","57,3787","46,8776","45,7062","47,1356","45,2203","40,7881","53,7313","41,7203","45,3892","53,1688","49,8210","47,0410","49,3314","48,1307"
,2002,"41,4951","52,6504","52,3739","41,3694","45,8399","45,8864","59,5626","46,5676","44,9853","47,1371","44,5466","40,6385","54,6798","41,8419","44,8328","54,0673","47,4198","46,5668","48,9312","47,8330"
,2003,"42,2149","52,8709","51,3293","41,3841","46,1926","46,5139","59,5466","46,6566","44,9811","48,0833","47,6282","41,8148","55,2239","41,9376","44,9595","54,9568","49,1114","46,6590","48,6930","47,5908"
,2004,"42,6957","51,4420","51,1934","42,4586","45,2742","47,5000","57,4101","45,4651","44,6284","47,7641","47,3067","41,8783","52,2422","41,2034","44,6359","53,6013","48,8467","46,1496","48,1999","47,3036"
,2005,"42,1257","51,0232","50,6988","41,5391","44,4194","47,2727","54,9741","44,5890","44,4951","47,3480","46,8416","41,8451","47,7801","40,7846","44,3227","52,1099","47,5429","45,5843","47,4798","46,7490"
,2006,"42,0643","50,1782","49,7220","42,1731","43,7043","47,2210","52,4324","44,6792","44,9213","47,6161","45,6376","41,8498","48,2180","40,7232","44,5548","51,2832","47,9128","45,6179","47,4218","47,0719"
,2007,"42,0286","49,7971","48,2925","41,7169","43,6567","46,5724","50,3407","44,6247","44,7270","48,1768","45,3944","42,3890","47,5891","41,6466","44,4346","51,1815","47,6999","45,5994","47,1663","47,0364"
,2008,"42,7775","49,2337","48,6226","42,7223","43,7535","46,8815","52,3109","45,2272","44,7740","48,6201","45,1678","42,6898","45,6740","41,6061","44,5264","50,6447","47,0600","45,7229","46,9599","46,9483"
,2009,"44,0456","49,3563","48,5655","43,1901","43,5992","45,2745","53,3672","47,2580","45,6210","48,8481","45,3989","43,3667","45,2716","41,8466","45,2251","50,5733","48,3346","46,4245","47,3641","47,4773"
,2010,"44,6822","50,3939","48,3792","44,0172","44,2991","46,3756","51,6063","48,9088","46,3003","49,6913","45,9653","44,0032","44,7937","42,8233","46,2774","51,2573","47,9914","47,2446","47,7866","48,2469"
,2011,"45,7598","50,4962","49,2047","44,7622","44,9848","46,0652","52,4699","49,9433","47,3233","50,5680","45,8653","44,9635","44,0901","43,5571","47,2060","51,3510","48,1217","48,0761","48,2966","49,1007"
,2012,"46,1250","50,7829","50,1969","45,5635","46,3179","46,1538","53,9507","51,0330","48,1525","51,5315","45,8766","45,5316","43,1862","45,2697","48,0897","50,9746","49,3046","48,8273","48,7025","49,8151"
,2013,"46,6597","51,1595","52,1723","46,7815","47,1799","48,7169","54,2402","52,5665","49,0596","52,8735","47,3768","46,2789","44,3137","46,6037","49,1119","52,0629","52,3526","49,7158","49,3467","50,6560"
,2014,"47,5745","52,4655","51,9844","47,2449","48,2601","51,2976","56,6742","53,4273","49,9825","50,2782","48,9317","47,3473","44,6000","47,2905","49,7206","53,1580","52,9884","50,1234","49,9296","51,5847"
,2015,"48,3765","53,0596","52,3089","47,7198","49,2052","52,7256","56,6166","54,7251","50,7190","51,3933","49,4283","48,3985","44,8980","48,7230","50,5776","52,9225","53,1647","50,8572","50,4822","52,4169"
,2016,"48,3972","53,7562","52,8462","48,2343","49,4791","53,2265","54,7782","55,2888","50,7792","49,4379","50,0659","48,5383","44,2857","49,7305","50,6318","52,8043","53,0931","50,9803","50,6043","52,8659"
,2017,"49,1770","53,7218","52,8003","48,7460","49,8402","54,6271","54,6161","55,2321","51,0780","48,8137","50,1655","49,1524","43,1452","49,7114","50,8355","52,1007","53,8494","51,1966","50,8726","53,2389"
,2018,"49,7823","54,2391","52,7553","47,5948","50,4644","53,8158","55,3825","55,7093","51,6118","50,0344","50,0411","49,1683","44,1532","50,0791","51,2551","51,4029","54,0033","51,5427","51,1831","53,5830"
,2019,"49,7032","54,1173","52,1917","47,3994","50,1201","53,5310","54,6496","56,8290","51,6554","49,7783","49,9919","48,7499","44,0154","50,1936","51,3091","51,3580","53,7559","51,5877","51,3707","53,6557"
,2020,"49,6220","53,8527","51,7407","47,9522","50,0702","52,5431","53,7664","57,0310","51,5376","49,2224","49,8096","49,0100","43,9453","49,8364","51,2214","51,1121","52,8551","51,5164","51,3827","53,5056"
,2021,"49,0707","53,1037","51,0963","48,1066","49,3116","51,5102","53,2652","57,6742","51,6836","48,3006","48,8647","48,4806","42,7165","50,3070","50,5926","50,9451","51,5987","51,4197","51,2872","53,3950"
,2022,"48,5384","52,8623","49,6533","47,9863","48,6137","51,6706","53,5211","58,3719","51,5561","47,9568","49,0435","48,4311","45,0677","50,1844","51,0672","51,2090","52,2834","51,4249","51,2725","53,5135"
,,,,,,,,,,,,,,,,,,,,,
,,,,,,,,,,,,,,,,,,,,,
TASA BRUTA DE NATALIDAD                  ,,,,,,,,,,,,,,,,,,,,,
(Nacidos vivos por cada 1.000 habitantes)                ,,,,,,,,,,,,,,,,,,,,,
"Fuente: Padrón municipal, INE",,,,,,,,,,,,,,,,,,,,,
,,Alhaurín de la Torre,Alhaurín el Grande,Almogía,Benalmádena,Cártama,Casabermeja,Colmenar,Fuengirola,Málaga,Mijas,Pizarra,Rincón de la Victoria,Totalán,Torremolinos,Área Metropolitana,Álora,Coín,Provincia,Andalucía,España
,2000,"13,3955","12,6315","8,8409","12,3889","12,6630","6,6600","7,6825","11,0197","10,6459","12,2877","12,5605","15,0680","8,1169","9,8593","10,9279","11,8315","8,5628","10,8285","10,9783","9,8181"
,2001,"14,7435","13,0947","8,3069","13,0524","10,3834","9,6154","7,6287","10,2461","10,6476","11,7342","12,2858","15,1090","12,9450","11,6938","11,1563","11,0657","11,3902","10,9465","10,9547","9,8835"
,2002,"12,5768","11,7050","8,2765","12,0458","13,2374","7,7207","8,9257","10,2872","10,8067","12,2569","11,5152","13,9008","1,5924","11,1818","11,0944","9,8102","11,9419","11,0255","10,9463","10,0112"
,2003,"14,0152","12,8744","9,8384","13,0292","12,4467","7,4779","8,8412","10,2218","11,5298","12,9721","12,6801","15,3533","6,4103","9,8916","11,7749","11,0684","13,2202","11,5369","11,3210","10,3444"
,2004,"14,4971","13,3513","7,0688","13,8087","15,4599","4,7969","8,4454","10,2108","11,6115","13,3529","12,0028","15,9767","7,3638","11,0211","12,0214","10,5157","12,7494","11,8669","11,5801","10,5235"
,2005,"14,2762","13,4502","8,3469","12,8924","15,1570","13,5802","7,3015","9,9658","11,7699","14,1807","12,0450","16,5646","8,5837","9,3008","12,0638","10,7585","14,0187","11,8549","11,6956","10,5733"
,2006,"13,2096","13,1467","6,9622","12,5452","16,7326","5,9453","10,9338","10,0941","11,8224","13,5084","13,9529","16,8554","11,3154","11,1957","12,1627","10,0727","12,0675","12,0688","11,9486","10,8022"
,2007,"14,4587","14,0522","7,2110","12,5247","16,5386","1,7539","11,0482","10,1802","11,8129","15,1350","12,9167","15,9881","7,1023","11,2315","12,2181","9,6941","13,9435","12,0749","11,9199","10,8964"
,2008,"15,4020","14,0004","5,0973","14,1887","17,9096","8,2645","10,4828","10,3575","11,9835","14,0125","11,4424","15,9645","4,1436","11,0024","12,5040","9,8988","13,8708","12,1637","12,2278","11,2609"
,2009,"12,4452","14,2373","6,2820","10,9933","16,8911","10,2273","8,0088","9,8906","11,1067","12,8749","13,2043","15,5434","12,4654","10,9858","11,5379","7,0175","13,1254","11,1696","11,3963","10,5449"
,2010,"12,9493","13,0517","6,3425","11,0128","15,7850","9,5667","8,6933","8,8600","10,9251","13,0300","11,0122","14,0023","9,4980","10,3649","11,2299","8,1639","13,1185","10,8396","11,0144","10,3480"
,2011,"12,9594","12,4333","7,1073","10,5192","16,2243","11,4286","9,5290","8,9934","10,7917","11,9856","11,9295","13,4609","9,1146","10,7948","11,0783","9,0377","12,5457","10,5042","10,6305","10,0020"
,2012,"10,4417","12,0877","6,1979","10,2175","14,8749","7,3250","12,9691","8,7949","10,2708","11,4339","11,3281","14,2178","13,4048","10,0637","10,5498","9,6276","12,2069","10,1176","10,2219","9,6191"
,2013,"10,7179","10,3097","8,6372","8,9273","14,0252","9,0386","10,0474","7,4551","9,6257","9,8014","10,5399","11,7627","12,2283","9,2090","9,6549","8,6194","10,3834","9,3799","9,6525","9,0328"
,2014,"10,2872","10,6154","5,6324","9,0082","14,5922","8,2905","7,1715","7,8965","9,9098","10,9648","9,9989","11,4084","4,1494","8,7301","9,8734","8,5850","11,7385","9,6617","9,7824","9,1422"
,2015,"10,6430","9,8200","6,2729","10,0153","13,6223","8,7771","7,8397","7,5073","9,6445","9,6121","11,4779","10,5715","9,8592","9,0826","9,6385","6,7677","10,5283","9,3838","9,6003","9,0144"
,2016,"10,6460","9,4592","5,2826","9,4133","12,2865","11,0369","9,1581","7,7046","9,2354","9,7211","9,0051","11,3401","7,0721","8,2908","9,3174","7,9592","11,2323","9,1935","9,4495","8,8189"
,2017,"9,2713","10,0728","7,1713","9,1056","10,4278","5,5200","8,5723","7,7940","9,1054","9,9286","9,2582","9,7036","15,4930","7,6217","9,0463","7,2733","10,9916","8,8445","8,9124","8,4424"
,2018,"7,7172","10,3221","4,7745","8,3400","10,0163","7,6989","7,0755","7,0826","8,3744","8,9793","8,8835","9,0252","6,9930","7,3687","8,3320","6,7948","10,7294","8,2139","8,4716","7,9785"
,2019,"7,9564","9,3503","11,0363","8,0437","9,2921","7,9500","7,1090","5,7279","8,0431","8,4721","9,9718","8,1816","6,7024","7,2967","7,9376","6,7771","10,2045","7,9691","8,2476","7,6684"
,2020,"7,5298","7,9265","5,8017","7,4482","9,5370","7,4401","4,6935","5,4324","7,6531","7,8457","7,5180","7,7510","4,0706","6,4772","7,4357","8,6943","10,2324","7,4244","7,7409","7,1930"
,2021,"7,4998","9,3888","6,2192","6,5096","8,8205","9,9677","5,7971","5,7638","7,6134","8,2657","8,8801","8,0538","9,6552","6,8473","7,5007","7,2735","10,2246","7,4278","7,7487","7,1200"
,2022,"6,7480","7,7546","3,6036","6,3013","8,5883","6,2943","7,4541","5,3108","7,3496","7,8657","9,8334","6,3675","4,0000","6,3064","7,0683","7,9211","8,8856","7,0731","7,4077","6,9352"
,2023,"6,1822","8,2592","5,5458","6,1081","7,2857","7,6726","8,8724","4,8015","7,2103","7,0890","8,1934","6,9201","5,2151","5,6081","6,8093","6,6607","7,8728","6,7127","7,1654","6,6772"
,,,,,,,,,,,,,,,,,,,,,
,,,,,,,,,,,,,,,,,,,,,
POBLACIÓN ANUAL CENSO INE,,,,,,,,,,,,,,,,,,,,,
(Número de habitantes),,,,,,,,,,,,,,,,,,,,,
"Fuente: Censo anual, Instituto Nacional de Estadística",,,,,,,,,,,,,,,,,,,,,
,,,,,,,,,,,,,,,,,,,,,
Total,,Alhaurín de la Torre,Alhaurín el Grande,Almogía,Benalmádena,Cártama,Casabermeja,Colmenar,Fuengirola,Málaga,Mijas,Pizarra,Rincón de la Victoria,Totalán,Torremolinos,Área Metropolitana,Álora,Coín,Provincia,Andalucía,España
,2021,41.833,26.053,3.853,70.419,27.443,3.738,3.438,81.987,578.063,86.556,9.607,49.917,724,67.877,1.051.508,13.321,23.509,1.696.955,8.484.804,47.400.798
,2022,42.661,26.287,3.884,73.549,27.666,3.824,3.482,82.720,578.473,88.313,9.699,50.493,749,68.853,1.060.653,13.369,24.289,1.715.109,8.511.167,47.486.727
,2023,43.855,26.902,3.986,76.318,28.325,3.915,3.498,85.136,587.068,90.763,9.923,51.315,767,70.345,1.082.116,13.512,25.010,1.752.728,8.584.147,48.085.361
,,,,,,,,,,,,,,,,,,,,,
,,,,,,,,,,,,,,,,,,,,,
,,,,,,,,,,,,,,,,,,,,,
Hombres,,Alhaurín de la Torre,Alhaurín el Grande,Almogía,Benalmádena,Cártama,Casabermeja,Colmenar,Fuengirola,Málaga,Mijas,Pizarra,Rincón de la Victoria,Totalán,Torremolinos,Área Metropolitana,Álora,Coín,Provincia,Andalucía,España
,2021,20.786,13.018,2.004,34.522,13.886,1.958,1.770,40.079,277.575,43.021,4.815,24.419,368,34.285,512.506,6.751,11.785,831.211,4.182.620,23.248.611
,2022,21.205,13.131,2.026,36.092,14.003,1.979,1.798,40.285,277.823,43.880,4.858,24.693,380,34.784,516.937,6.751,12.197,840.038,4.196.620,23.288.747
,2023,21.763,13.421,2.077,37.350,14.306,2.043,1.799,41.342,281.718,44.927,4.972,25.062,389,35.481,526.650,6.808,12.573,857.246,4.229.831,23.565.593
,,,,,,,,,,,,,,,,,,,,,
Mujeres,,Alhaurín de la Torre,Alhaurín el Grande,Almogía,Benalmádena,Cártama,Casabermeja,Colmenar,Fuengirola,Málaga,Mijas,Pizarra,Rincón de la Victoria,Totalán,Torremolinos,Área Metropolitana,Álora,Coín,Provincia,Andalucía,España
,2021,21.047,13.035,1.849,35.897,13.557,1.780,1.668,41.908,300.488,43.535,4.792,25.498,356,33.592,539.002,6.570,11.724,865.744,4.302.184,24.152.187
,2022,21.456,13.156,1.858,37.457,13.663,1.845,1.684,42.435,300.650,44.433,4.841,25.800,369,34.069,543.716,6.618,12.092,875.071,4.314.547,24.197.980
,2023,22.092,13.481,1.909,38.968,14.019,1.872,1.699,43.794,305.350,45.836,4.951,26.253,378,34.864,555.466,6.704,12.437,895.482,4.354.316,24.519.768
,,,,,,,,,,,,,,,,,,,,,
,,,,,,,,,,,,,,,,,,,,,
Española,,Alhaurín de la Torre,Alhaurín el Grande,Almogía,Benalmádena,Cártama,Casabermeja,Colmenar,Fuengirola,Málaga,Mijas,Pizarra,Rincón de la Victoria,Totalán,Torremolinos,Área Metropolitana,Álora,Coín,Provincia,Andalucía,España
,2021,38.432,20.122,3.528,53.163,25.595,3.390,3.004,52.032,528.230,59.419,8.920,46.276,686,54.731,897.528,11.742,19.071,1.424.384,7.771.404,41.998.096
,2022,39.119,20.281,3.547,54.245,25.826,3.478,2.987,52.036,527.566,60.763,8.991,46.989,711,55.373,901.912,11.758,19.459,1.432.096,7.770.450,41.977.681
,2023,39.954,20.586,3.607,54.779,26.344,3.501,2.975,52.333,527.260,61.693,9.153,47.350,729,55.540,905.804,11.806,19.757,1.438.368,7.770.423,41.995.741
,,,,,,,,,,,,,,,,,,,,,
Extranjera,,Alhaurín de la Torre,Alhaurín el Grande,Almogía,Benalmádena,Cártama,Casabermeja,Colmenar,Fuengirola,Málaga,Mijas,Pizarra,Rincón de la Victoria,Totalán,Torremolinos,Área Metropolitana,Álora,Coín,Provincia,Andalucía,España
,2021,3.401,5.931,325,17.256,1.848,348,434,29.955,49.833,27.137,687,3.641,38,13.146,153.980,1.579,4.438,272.571,713.400,5.402.702
,2022,3.542,6.006,337,19.304,1.840,346,495,30.684,50.907,27.550,708,3.504,38,13.480,158.741,1.611,4.830,283.013,740.717,5.509.046
,2023,3.901,6.316,379,21.539,1.981,414,523,32.803,59.808,29.070,770,3.965,38,14.805,176.312,1.706,5.253,314.360,813.724,6.089.620
,,,,,,,,,,,,,,,,,,,,,
Menos 16 años,,Alhaurín de la Torre,Alhaurín el Grande,Almogía,Benalmádena,Cártama,Casabermeja,Colmenar,Fuengirola,Málaga,Mijas,Pizarra,Rincón de la Victoria,Totalán,Torremolinos,Área Metropolitana,Álora,Coín,Provincia,Andalucía,España
,2021,8.291,4.838,524,11.654,5.856,577,509,10.998,91.371,15.927,1.699,9.528,113,10.563,172.448,1.899,4.520,274.962,1.383.023,7.209.005
,2022,8.240,4.803,517,11.961,5.772,571,502,10.889,89.464,15.942,1.691,9.423,121,10.508,170.404,1.892,4.582,272.108,1.360.186,7.095.180
,2023,8.284,4.834,526,12.061,5.713,586,511,11.266,88.749,16.191,1.691,9.236,116,10.547,170.311,1.914,4.642,272.612,1.341.643,7.054.555
,,,,,,,,,,,,,,,,,,,,,
De 16 a 64 años,,Alhaurín de la Torre,Alhaurín el Grande,Almogía,Benalmádena,Cártama,Casabermeja,Colmenar,Fuengirola,Málaga,Mijas,Pizarra,Rincón de la Victoria,Totalán,Torremolinos,Área Metropolitana,Álora,Coín,Provincia,Andalucía,España
,2021,28.061,17.009,2.550,47.422,18.374,2.457,2.244,51.939,381.253,58.343,6.442,33.585,507,45.092,695.278,8.807,15.382,1.120.041,5.606.143,30.880.309
,2022,28.669,17.188,2.599,49.532,18.598,2.518,2.261,52.118,381.670,59.593,6.506,33.984,515,45.771,701.522,8.827,15.930,1.131.495,5.623.793,30.909.745
,2023,29.504,17.647,2.661,51.581,19.221,2.588,2.284,53.554,388.252,61.192,6.670,34.644,529,46.937,717.264,8.908,16.438,1.158.537,5.674.464,31.343.030
,,,,,,,,,,,,,,,,,,,,,
65 o más años,,Alhaurín de la Torre,Alhaurín el Grande,Almogía,Benalmádena,Cártama,Casabermeja,Colmenar,Fuengirola,Málaga,Mijas,Pizarra,Rincón de la Victoria,Totalán,Torremolinos,Área Metropolitana,Álora,Coín,Provincia,Andalucía,España
,2021,5.481,4.206,779,11.343,3.213,704,685,19.050,105.439,12.286,1.466,6.804,104,12.222,183.782,2.615,3.607,301.952,1.495.638,9.311.484
,2022,5.752,4.296,768,12.056,3.296,735,719,19.713,107.339,12.778,1.502,7.086,113,12.574,188.727,2.650,3.777,311.506,1.527.188,9.481.802
,2023,6.067,4.421,799,12.676,3.391,741,703,20.316,110.067,13.380,1.562,7.435,122,12.861,194.541,2.690,3.930,321.579,1.568.040,9.687.776
,,,,,,,,,,,,,,,,,,,,,
Índice de envejecimiento,,Alhaurín de la Torre,Alhaurín el Grande,Almogía,Benalmádena,Cártama,Casabermeja,Colmenar,Fuengirola,Málaga,Mijas,Pizarra,Rincón de la Victoria,Totalán,Torremolinos,Área Metropolitana,Álora,Coín,Provincia,Andalucía,España
,2021,"0,66","0,87","1,49","0,97","0,55","1,22","1,35","1,73","1,15","0,77","0,86","0,71","0,92","1,16","1,07","1,38","0,80","1,10","1,08","1,29"
,2022,"0,70","0,89","1,49","1,01","0,57","1,29","1,43","1,81","1,20","0,80","0,89","0,75","0,93","1,20","1,11","1,40","0,82","1,14","1,12","1,34"
,2023,"0,73","0,91","1,52","1,05","0,59","1,26","1,38","1,80","1,24","0,83","0,92","0,81","1,05","1,22","1,14","1,41","0,85","1,18","1,17","1,37"
,,,,,,,,,,,,,,,,,,,,,
Índice de dependencia,,Alhaurín de la Torre,Alhaurín el Grande,Almogía,Benalmádena,Cártama,Casabermeja,Colmenar,Fuengirola,Málaga,Mijas,Pizarra,Rincón de la Victoria,Totalán,Torremolinos,Área Metropolitana,Álora,Coín,Provincia,Andalucía,España
,2021,"49,08","53,17","51,10","48,49","49,36","52,14","53,21","57,85","51,62","48,36","49,13","48,63","42,80","50,53","51,24","51,25","52,83","51,51","51,35","53,50"
,2022,"48,81","52,94","49,44","48,49","48,76","51,87","54,00","58,72","51,56","48,19","49,08","48,58","45,44","50,43","51,19","51,46","52,47","51,58","51,34","53,63"
,2023,"48,64","52,45","49,79","47,96","47,36","51,28","53,15","58,97","51,21","48,32","48,77","48,12","44,99","49,87","50,87","51,68","52,15","51,29","51,28","53,42"